id;title;summary;post_type;active;active_date;active_by;file;file_content_type
1;mobile Fish;Home Loan Account Table Computer;Trace;false;2020-02-24T22:03:30;alarm;../fake-data/blob/hipster.png;image/png
2;Tasty Metal Bacon;red Chips Soap;Home Loan Account;false;2020-02-25T02:07:06;intangible;../fake-data/blob/hipster.png;image/png
3;enable Gorgeous Frozen Pants;Common;Savings Account syndicate Planner;false;2020-02-25T11:22:12;Credit Card Account Table Small Frozen Sausages;../fake-data/blob/hipster.png;image/png
4;South Dakota envisioneer Music;Nakfa;Bahamian Dollar Investment Account;true;2020-02-25T11:39:34;Regional;../fake-data/blob/hipster.png;image/png
5;Tuna;hardware Costa Rica Mayotte;Industrial;true;2020-02-24T17:52:55;Markets Chief;../fake-data/blob/hipster.png;image/png
6;capacitor archive;sky blue Tasty Plastic Pizza;compress South Georgia and the South Sandwich Islands;true;2020-02-25T03:55:22;mission-critical Faroe Islands Plastic;../fake-data/blob/hipster.png;image/png
7;Car Industrial deliverables;orange Books;magenta monitor 1080p;true;2020-02-25T10:42:28;world-class Frozen IB;../fake-data/blob/hipster.png;image/png
8;Highway Ergonomic;moratorium moratorium;New York tangible Mississippi;false;2020-02-25T09:36:53;bus synthesize Idaho;../fake-data/blob/hipster.png;image/png
9;Networked Sleek Metal Table Small;Intelligent Outdoors;Harbor Montana;true;2020-02-24T14:42:13;Phased;../fake-data/blob/hipster.png;image/png
10;Saint Lucia white;Generic neutral Salad;Auto Loan Account modular Refined;false;2020-02-24T17:11:49;maroon;../fake-data/blob/hipster.png;image/png
